Sample name,Population name,Superpopulation code
HG00271,Finnish,EUR
HG00276,Finnish,EUR
HG00288,Finnish,EUR
HG00290,Finnish,EUR
HG00303,Finnish,EUR
HG00308,Finnish,EUR
HG00310,Finnish,EUR
HG00315,Finnish,EUR
HG00327,Finnish,EUR
HG00334,Finnish,EUR
HG00339,Finnish,EUR
HG00341,Finnish,EUR
HG00346,Finnish,EUR
HG00353,Finnish,EUR
HG00358,Finnish,EUR
HG00360,Finnish,EUR
HG00365,Finnish,EUR
HG00372,Finnish,EUR
HG00132,British,EUR
HG00137,British,EUR
HG00149,British,EUR
HG00151,British,EUR
HG00156,British,EUR
HG00182,Finnish,EUR
HG00187,Finnish,EUR
HG00136,British,EUR
HG00233,British,EUR
HG00143,British,EUR
HG00238,British,EUR
HG00148,British,EUR
HG00150,British,EUR
HG00245,British,EUR
HG00155,British,EUR
HG00252,British,EUR
HG00174,Finnish,EUR
HG00257,British,EUR
HG00179,Finnish,EUR
HG00264,British,EUR
HG00181,Finnish,EUR
HG00269,Finnish,EUR
HG00186,Finnish,EUR
HG00377,Finnish,EUR
HG00232,British,EUR
HG00384,Finnish,EUR
HG00237,British,EUR
HG00404,Southern Han Chinese,EAS
HG00244,British,EUR
HG00409,Southern Han Chinese,EAS
HG00249,British,EUR
HG00251,British,EUR
HG00256,British,EUR
HG00428,Southern Han Chinese,EAS
HG00263,British,EUR
HG00442,Southern Han Chinese,EAS
HG00268,Finnish,EUR
HG00383,Finnish,EUR
HG00403,Southern Han Chinese,EAS
HG00473,Southern Han Chinese,EAS
HG00410,Southern Han Chinese,EAS
HG00101,British,EUR
HG00422,Southern Han Chinese,EAS
HG00106,British,EUR
HG00113,British,EUR
HG00446,Southern Han Chinese,EAS
HG00118,British,EUR
HG00458,Southern Han Chinese,EAS
HG00125,British,EUR
HG00472,Southern Han Chinese,EAS
HG00270,Finnish,EUR
HG00275,Finnish,EUR
HG00282,Finnish,EUR
HG00302,Finnish,EUR
HG00319,Finnish,EUR
HG00478,Southern Han Chinese,EAS
HG00321,Finnish,EUR
HG00326,Finnish,EUR
HG00500,Southern Han Chinese,EAS
HG00338,Finnish,EUR
HG00345,Finnish,EUR
HG00524,Southern Han Chinese,EAS
HG00357,Finnish,EUR
HG00531,Southern Han Chinese,EAS
HG00364,Finnish,EUR
HG00536,Southern Han Chinese,EAS
HG00369,Finnish,EUR
HG00543,Southern Han Chinese,EAS
HG00371,Finnish,EUR
HG00376,Finnish,EUR
HG00097,British,EUR
HG00100,British,EUR
HG00581,Southern Han Chinese,EAS
HG00105,British,EUR
HG00112,British,EUR
HG00117,British,EUR
HG00740,Puerto Rican,AMR
HG00978,Dai Chinese,EAS
HG00129,British,EUR
HG01142,Colombian,AMR
HG00131,British,EUR
HG01161,Puerto Rican,AMR
HG01173,Puerto Rican,AMR
HG01197,Puerto Rican,AMR
HG01200,Puerto Rican,AMR
HG01205,Puerto Rican,AMR
HG00530,Southern Han Chinese,EAS
HG01248,Puerto Rican,AMR
HG01250,Colombian,AMR
HG00554,Puerto Rican,AMR
HG00651,Southern Han Chinese,EAS
HG00559,Southern Han Chinese,EAS
HG00656,Southern Han Chinese,EAS
HG00663,Southern Han Chinese,EAS
HG00566,Southern Han Chinese,EAS
HG00675,Southern Han Chinese,EAS
HG00580,Southern Han Chinese,EAS
HG00699,Southern Han Chinese,EAS
HG00707,Southern Han Chinese,EAS
HG00732,Puerto Rican,AMR
HG00593,Southern Han Chinese,EAS
HG00737,Puerto Rican,AMR
HG00598,Southern Han Chinese,EAS
HG00864,Dai Chinese,EAS
HG00613,Southern Han Chinese,EAS
HG00650,Southern Han Chinese,EAS
HG00620,Southern Han Chinese,EAS
HG00625,Southern Han Chinese,EAS
HG00662,Southern Han Chinese,EAS
HG00632,Southern Han Chinese,EAS
HG00674,Southern Han Chinese,EAS
HG00637,Puerto Rican,AMR
HG00693,Southern Han Chinese,EAS
HG01089,Puerto Rican,AMR
HG00698,Southern Han Chinese,EAS
HG00701,Southern Han Chinese,EAS
HG01104,Puerto Rican,AMR
HG01111,Puerto Rican,AMR
HG01177,Puerto Rican,AMR
HG01130,Colombian,AMR
HG01046,Dai Chinese,EAS
HG01191,Puerto Rican,AMR
HG01204,Puerto Rican,AMR
HG01058,Puerto Rican,AMR
HG01242,Puerto Rican,AMR
HG01060,Puerto Rican,AMR
HG01247,Puerto Rican,AMR
HG01072,Puerto Rican,AMR
HG01088,Puerto Rican,AMR
HG01077,Puerto Rican,AMR
HG01095,Puerto Rican,AMR
HG01325,Puerto Rican,AMR
HG01344,Colombian,AMR
HG01108,Puerto Rican,AMR
HG01110,Puerto Rican,AMR
HG01351,Colombian,AMR
HG01122,Colombian,AMR
HG01356,Colombian,AMR
HG01134,Colombian,AMR
HG01363,Colombian,AMR
HG01139,Colombian,AMR
HG00592,Southern Han Chinese,EAS
HG01281,Colombian,AMR
HG01286,Puerto Rican,AMR
HG00629,Southern Han Chinese,EAS
HG01414,Puerto Rican,AMR
HG00631,Southern Han Chinese,EAS
HG01438,Colombian,AMR
HG01312,Puerto Rican,AMR
HG01440,Colombian,AMR
HG01348,Colombian,AMR
HG01350,Colombian,AMR
HG01464,Colombian,AMR
HG01503,Iberian,EUR
HG01362,Colombian,AMR
HG01510,Iberian,EUR
HG01254,Colombian,AMR
HG01515,Iberian,EUR
HG01259,Colombian,AMR
HG01522,Iberian,EUR
HG01527,Iberian,EUR
HG01596,Kinh Vietnamese,EAS
HG01280,Colombian,AMR
HG01305,Puerto Rican,AMR
HG01052,Puerto Rican,AMR
HG01565,Peruvian,AMR
HG01064,Puerto Rican,AMR
HG01069,Puerto Rican,AMR
HG01577,Peruvian,AMR
HG01589,Punjabi,SAS
HG01083,Puerto Rican,AMR
HG01471,Colombian,AMR
HG01488,Colombian,AMR
HG01571,Peruvian,AMR
HG01583,Punjabi,SAS
HG01495,Colombian,AMR
HG01413,Puerto Rican,AMR
HG01623,Iberian,EUR
HG01432,Colombian,AMR
HG01628,Iberian,EUR
HG01437,Colombian,AMR
HG01630,Iberian,EUR
HG01444,Colombian,AMR
HG01673,Iberian,EUR
HG01456,Colombian,AMR
HG01678,Iberian,EUR
HG01680,Iberian,EUR
HG01685,Iberian,EUR
HG01507,Iberian,EUR
HG01697,Iberian,EUR
HG01700,Iberian,EUR
HG01519,Iberian,EUR
HG01375,Colombian,AMR
HG01521,Iberian,EUR
HG01402,Puerto Rican,AMR
HG01704,Iberian,EUR
HG01705,Iberian,EUR
HG01709,Iberian,EUR
HG01747,Iberian,EUR
HG01762,Iberian,EUR
HG01761,Iberian,EUR
HG02006,Peruvian,AMR
HG01766,Iberian,EUR
HG02013,African Caribbean,AFR
HG01374,Colombian,AMR
HG02020,Kinh Vietnamese,EAS
HG01393,Puerto Rican,AMR
HG02025,Kinh Vietnamese,EAS
HG01398,Puerto Rican,AMR
HG02032,Kinh Vietnamese,EAS
HG01468,Colombian,AMR
HG02049,Kinh Vietnamese,EAS
HG02051,African Caribbean,AFR
HG01494,Colombian,AMR
HG02070,Kinh Vietnamese,EAS
HG01595,Kinh Vietnamese,EAS
HG02075,Kinh Vietnamese,EAS
HG01603,Iberian,EUR
HG01863,Kinh Vietnamese,EAS
HG01608,Iberian,EUR
HG01868,Kinh Vietnamese,EAS
HG01610,Iberian,EUR
HG01870,Kinh Vietnamese,EAS
HG01615,Iberian,EUR
HG01882,African Caribbean,AFR
HG01894,African Caribbean,AFR
HG01672,Iberian,EUR
HG01914,African Caribbean,AFR
HG01684,Iberian,EUR
HG01921,Peruvian,AMR
HG02012,African Caribbean,AFR
HG01933,Peruvian,AMR
HG02017,Kinh Vietnamese,EAS
HG02029,Kinh Vietnamese,EAS
HG01945,Peruvian,AMR
HG02031,Kinh Vietnamese,EAS
HG01767,Iberian,EUR
HG02048,Kinh Vietnamese,EAS
HG02050,Kinh Vietnamese,EAS
HG01779,Iberian,EUR
HG01781,Iberian,EUR
HG02067,Kinh Vietnamese,EAS
HG01786,Iberian,EUR
HG02079,Kinh Vietnamese,EAS
HG01988,African Caribbean,AFR
HG01990,African Caribbean,AFR
HG01956,African Caribbean,AFR
HG01970,Peruvian,AMR
HG01971,Peruvian,AMR
HG01976,Peruvian,AMR
HG01862,Kinh Vietnamese,EAS
HG01798,Dai Chinese,EAS
HG01867,Kinh Vietnamese,EAS
HG01801,Dai Chinese,EAS
HG01874,Kinh Vietnamese,EAS
HG01806,Dai Chinese,EAS
HG01879,African Caribbean,AFR
HG01813,Dai Chinese,EAS
HG01844,Kinh Vietnamese,EAS
HG01886,African Caribbean,AFR
HG01849,Kinh Vietnamese,EAS
HG01851,Kinh Vietnamese,EAS
HG01932,Peruvian,AMR
HG02239,Iberian,EUR
HG01944,Peruvian,AMR
HG02253,Peruvian,AMR
HG01893,Peruvian,AMR
HG02260,Peruvian,AMR
HG01918,Peruvian,AMR
HG02188,Dai Chinese,EAS
HG01773,Iberian,EUR
HG02190,Dai Chinese,EAS
HG02215,British,EUR
HG01785,Iberian,EUR
HG01817,Dai Chinese,EAS
HG02152,Dai Chinese,EAS
HG01843,Kinh Vietnamese,EAS
HG02164,Dai Chinese,EAS
HG01848,Kinh Vietnamese,EAS
HG02169,Dai Chinese,EAS
HG01850,Kinh Vietnamese,EAS
HG02176,Dai Chinese,EAS
HG01855,Kinh Vietnamese,EAS
HG02082,Kinh Vietnamese,EAS
HG01982,Peruvian,AMR
HG02087,Kinh Vietnamese,EAS
HG02102,Peruvian,AMR
HG01797,Dai Chinese,EAS
HG02107,African Caribbean,AFR
HG01800,Dai Chinese,EAS
HG02304,Peruvian,AMR
HG01805,Dai Chinese,EAS
HG02309,African Caribbean,AFR
HG01812,Dai Chinese,EAS
HG02081,Kinh Vietnamese,EAS
HG02323,African Caribbean,AFR
HG02086,Kinh Vietnamese,EAS
HG02330,African Caribbean,AFR
HG02121,Kinh Vietnamese,EAS
HG02113,Kinh Vietnamese,EAS
HG02334,African Caribbean,AFR
HG02133,Kinh Vietnamese,EAS
HG02339,African Caribbean,AFR
HG02138,Kinh Vietnamese,EAS
HG02353,Dai Chinese,EAS
HG02140,Kinh Vietnamese,EAS
HG02358,Dai Chinese,EAS
HG02360,Dai Chinese,EAS
HG02277,Peruvian,AMR
HG02284,African Caribbean,AFR
HG02233,Iberian,EUR
HG02238,Iberian,EUR
HG02373,Dai Chinese,EAS
HG02252,Peruvian,AMR
HG02385,Dai Chinese,EAS
HG02144,African Caribbean,AFR
HG02392,Dai Chinese,EAS
HG02151,Dai Chinese,EAS
HG02397,Dai Chinese,EAS
HG02156,Dai Chinese,EAS
HG02549,African Caribbean,AFR
HG02168,Dai Chinese,EAS
HG02170,Dai Chinese,EAS
HG02568,Gambian Mandinka,AFR
HG02570,Gambian Mandinka,AFR
HG02308,African Caribbean,AFR
HG02315,African Caribbean,AFR
HG02582,Gambian Mandinka,AFR
HG02322,African Caribbean,AFR
HG02594,Gambian Mandinka,AFR
HG02283,African Caribbean,AFR
HG02784,Punjabi,SAS
HG02789,Punjabi,SAS
HG02182,Dai Chinese,EAS
HG02187,Dai Chinese,EAS
HG02804,Gambian Mandinka,AFR
HG02219,Iberian,EUR
HG02221,Iberian,EUR
HG02811,Gambian Mandinka,AFR
HG02816,Gambian Mandinka,AFR
HG02384,Dai Chinese,EAS
HG02455,African Caribbean,AFR
HG02389,Dai Chinese,EAS
HG02462,Gambian Mandinka,AFR
HG02391,Dai Chinese,EAS
HG02396,Dai Chinese,EAS
HG02481,African Caribbean,AFR
HG02493,Punjabi,SAS
HG02137,Kinh Vietnamese,EAS
HG02688,Punjabi,SAS
HG02733,Punjabi,SAS
HG02690,Punjabi,SAS
HG02703,Gambian Mandinka,AFR
HG02757,Gambian Mandinka,AFR
HG02715,Gambian Mandinka,AFR
HG02722,Gambian Mandinka,AFR
HG02769,Gambian Mandinka,AFR
HG02727,Punjabi,SAS
HG02771,Gambian Mandinka,AFR
HG02614,Gambian Mandinka,AFR
HG02783,Punjabi,SAS
HG02621,Gambian Mandinka,AFR
HG02461,Gambian Mandinka,AFR
HG02645,Gambian Mandinka,AFR
HG02652,Punjabi,SAS
HG02734,Punjabi,SAS
HG02485,African Caribbean,AFR
HG02760,Gambian Mandinka,AFR
HG02772,Gambian Mandinka,AFR
HG02657,Punjabi,SAS
HG02790,Punjabi,SAS
HG02676,Gambian Mandinka,AFR
HG02808,Gambian Mandinka,AFR
HG02810,Gambian Mandinka,AFR
HG02501,African Caribbean,AFR
HG02513,Kinh Vietnamese,EAS
HG02555,African Caribbean,AFR
HG02562,Gambian Mandinka,AFR
HG02537,African Caribbean,AFR
HG02405,Dai Chinese,EAS
HG02574,Gambian Mandinka,AFR
HG02429,African Caribbean,AFR
HG02586,Gambian Mandinka,AFR
HG02436,African Caribbean,AFR
HG02601,Punjabi,SAS
HG02450,African Caribbean,AFR
HG02613,Gambian Mandinka,AFR
HG02854,Gambian Mandinka,AFR
HG02620,Gambian Mandinka,AFR
HG02861,Gambian Mandinka,AFR
HG02878,Gambian Mandinka,AFR
HG02649,Punjabi,SAS
HG02885,Gambian Mandinka,AFR
HG02651,Punjabi,SAS
HG02675,Gambian Mandinka,AFR
HG02943,Esan,AFR
HG02682,Punjabi,SAS
HG02979,Esan,AFR
HG02687,Punjabi,SAS
HG02981,Esan,AFR
HG02694,Punjabi,SAS
HG03009,Bengali,SAS
HG02699,Punjabi,SAS
HG03016,Punjabi,SAS
HG02702,Gambian Mandinka,AFR
HG02721,Gambian Mandinka,AFR
HG03028,Gambian Mandinka,AFR
HG02497,African Caribbean,AFR
HG02505,African Caribbean,AFR
HG03078,Mende,AFR
HG02512,Kinh Vietnamese,EAS
HG03085,Mende,AFR
HG02536,African Caribbean,AFR
HG02409,Dai Chinese,EAS
HG03100,Esan,AFR
HG03105,Esan,AFR
HG02442,African Caribbean,AFR
HG03237,Punjabi,SAS
HG02839,Gambian Mandinka,AFR
HG03268,Esan,AFR
HG02860,Gambian Mandinka,AFR
HG03270,Esan,AFR
HG02884,Gambian Mandinka,AFR
HG03054,Mende,AFR
HG02891,Gambian Mandinka,AFR
HG03061,Mende,AFR
HG02896,Gambian Mandinka,AFR
HG03066,Mende,AFR
HG02923,Esan,AFR
HG03073,Mende,AFR
HG03112,Esan,AFR
HG03212,Mende,AFR
HG03117,Esan,AFR
HG03224,Mende,AFR
HG03124,Esan,AFR
HG03129,Esan,AFR
HG03193,Esan,AFR
HG03198,Esan,AFR
HG03027,Gambian Mandinka,AFR
HG03225,Mende,AFR
HG03136,Esan,AFR
HG03039,Gambian Mandinka,AFR
HG03162,Esan,AFR
HG03046,Gambian Mandinka,AFR
HG02974,Esan,AFR
HG03058,Mende,AFR
HG03369,Esan,AFR
HG03060,Mende,AFR
HG03376,Mende,AFR
HG03072,Mende,AFR
HG03077,Mende,AFR
HG03388,Mende,AFR
HG03084,Mende,AFR
HG03091,Mende,AFR
HG03096,Mende,AFR
HG03491,Punjabi,SAS
HG03511,Esan,AFR
HG03015,Punjabi,SAS
HG03022,Punjabi,SAS
HG03624,Punjabi,SAS
HG03629,Punjabi,SAS
HG03130,Esan,AFR
HG03631,Punjabi,SAS
HG03135,Esan,AFR
HG03636,Punjabi,SAS
HG03159,Esan,AFR
HG03410,Mende,AFR
HG03439,Mende,AFR
HG03109,Esan,AFR
HG03446,Mende,AFR
HG03111,Esan,AFR
HG03458,Mende,AFR
HG03123,Esan,AFR
HG03460,Mende,AFR
HG02947,Esan,AFR
HG03472,Mende,AFR
HG02973,Esan,AFR
HG03547,Mende,AFR
HG03166,Esan,AFR
HG03559,Mende,AFR
HG03578,Mende,AFR
HG03294,Esan,AFR
HG03515,Esan,AFR
HG03539,Gambian Mandinka,AFR
HG03558,Mende,AFR
HG03585,Bengali,SAS
HG03565,Mende,AFR
HG03600,Bengali,SAS
HG03452,Mende,AFR
HG03464,Mende,AFR
HG03469,Mende,AFR
HG03787,Telugu,SAS
HG03476,Mende,AFR
HG03488,Punjabi,SAS
HG03802,Bengali,SAS
HG03490,Punjabi,SAS
HG03744,Tamil,SAS
HG03394,Mende,AFR
HG03756,Tamil,SAS
HG03869,Telugu,SAS
HG03871,Telugu,SAS
HG03419,Mende,AFR
HG03433,Mende,AFR
HG03888,Tamil,SAS
HG03890,Tamil,SAS
HG03445,Mende,AFR
HG03895,Tamil,SAS
HG03572,Mende,AFR
HG03643,Tamil,SAS
HG03577,Mende,AFR
HG03667,Punjabi,SAS
HG03589,Bengali,SAS
HG03679,Tamil,SAS
HG03681,Tamil,SAS
HG03267,Esan,AFR
HG03706,Punjabi,SAS
HG03279,Esan,AFR
HG03713,Telugu,SAS
HG03718,Telugu,SAS
HG03298,Esan,AFR
HG03720,Telugu,SAS
HG03301,Esan,AFR
HG03363,Esan,AFR
HG03838,Tamil,SAS
HG03370,Esan,AFR
HG03382,Mende,AFR
HG03857,Tamil,SAS
HG03864,Telugu,SAS
HG03313,Esan,AFR
HG03770,Telugu,SAS
HG03351,Esan,AFR
HG03775,Telugu,SAS
HG03604,Bengali,SAS
HG03782,Telugu,SAS
HG03611,Bengali,SAS
HG03686,Tamil,SAS
HG03616,Bengali,SAS
HG03693,Tamil,SAS
HG03779,Telugu,SAS
HG03698,Tamil,SAS
HG03781,Telugu,SAS
HG03786,Telugu,SAS
HG03814,Bengali,SAS
HG03793,Bengali,SAS
HG03821,Bengali,SAS
HG03826,Bengali,SAS
HG03833,Bengali,SAS
HG03832,Bengali,SAS
HG04076,Telugu,SAS
HG03837,Tamil,SAS
HG04090,Telugu,SAS
HG03844,Tamil,SAS
HG03849,Tamil,SAS
HG03851,Tamil,SAS
HG03856,Tamil,SAS
HG04134,Bengali,SAS
HG03697,Tamil,SAS
HG04209,Telugu,SAS
HG03705,Punjabi,SAS
HG04211,Telugu,SAS
HG03717,Telugu,SAS
HG04216,Telugu,SAS
HG03755,Tamil,SAS
HG03762,Punjabi,SAS
HG04235,Telugu,SAS
HG03767,Punjabi,SAS
HG03774,Telugu,SAS
HG03908,Bengali,SAS
HG03910,Bengali,SAS
HG03642,Tamil,SAS
HG03922,Bengali,SAS
HG03863,Telugu,SAS
HG04141,Bengali,SAS
HG03868,Telugu,SAS
HG04146,Bengali,SAS
HG03870,Telugu,SAS
HG04153,Bengali,SAS
HG03875,Telugu,SAS
HG04158,Bengali,SAS
HG03882,Telugu,SAS
HG03887,Tamil,SAS
HG03953,Tamil,SAS
HG03673,Tamil,SAS
HG03960,Telugu,SAS
HG03680,Tamil,SAS
HG03965,Telugu,SAS
HG03685,Tamil,SAS
HG03692,Tamil,SAS
HG03977,Telugu,SAS
HG03729,Telugu,SAS
HG03989,Tamil,SAS
HG03731,Telugu,SAS
HG03991,Tamil,SAS
HG03736,Tamil,SAS
HG04002,Telugu,SAS
HG03743,Tamil,SAS
HG04014,Telugu,SAS
HG03750,Tamil,SAS
HG04019,Telugu,SAS
HG04026,Telugu,SAS
HG04033,Tamil,SAS
HG04177,Bengali,SAS
HG04063,Telugu,SAS
HG04070,Telugu,SAS
HG04189,Bengali,SAS
HG04075,Tamil,SAS
HG04094,Telugu,SAS
HG04099,Tamil,SAS
HG03934,Bengali,SAS
HG04107,Tamil,SAS
HG03941,Bengali,SAS
HG04038,Tamil,SAS
HG03990,Tamil,SAS
HG03995,Tamil,SAS
NA12828,Northern European,EUR
HG04001,Telugu,SAS
NA12830,Northern European,EUR
HG04006,Tamil,SAS
NA12842,Northern European,EUR
HG04018,Telugu,SAS
NA12873,Northern European,EUR
HG04020,Telugu,SAS
NA12878,Northern European,EUR
HG03894,Tamil,SAS
HG03902,Bengali,SAS
NA18489,Yoruba,AFR
HG03907,Bengali,SAS
NA18504,Yoruba,AFR
HG03914,Bengali,SAS
HG04195,Bengali,SAS
NA18511,Yoruba,AFR
NA18516,Yoruba,AFR
HG04210,Tamil,SAS
HG04164,Bengali,SAS
NA11832,Northern European,EUR
HG04171,Bengali,SAS
HG04176,Bengali,SAS
NA11894,Northern European,EUR
HG04183,Bengali,SAS
NA11919,Northern European,EUR
HG04188,Bengali,SAS
NA11933,Northern European,EUR
NA11995,Northern European,EUR
HG04140,Bengali,SAS
NA12006,Northern European,EUR
HG04152,Bengali,SAS
NA12044,Northern European,EUR
HG03919,Bengali,SAS
HG03926,Bengali,SAS
NA12234,Northern European,EUR
HG03940,Bengali,SAS
HG03945,Tamil,SAS
NA12272,Northern European,EUR
HG03969,Telugu,SAS
NA18523,Yoruba,AFR
HG03971,Telugu,SAS
NA18528,Han Chinese,EAS
HG03976,Telugu,SAS
NA18530,Han Chinese,EAS
HG04025,Telugu,SAS
NA18535,Han Chinese,EAS
NA18542,Han Chinese,EAS
HG04056,Telugu,SAS
NA18547,Han Chinese,EAS
NA18559,Han Chinese,EAS
NA18508,Yoruba,AFR
NA18561,Han Chinese,EAS
NA18510,Yoruba,AFR
NA18566,Han Chinese,EAS
NA18573,Han Chinese,EAS
NA18522,Yoruba,AFR
NA18592,Han Chinese,EAS
NA18527,Han Chinese,EAS
NA18597,Han Chinese,EAS
NA18534,Han Chinese,EAS
NA18605,Han Chinese,EAS
NA18539,Han Chinese,EAS
NA18612,Han Chinese,EAS
NA18541,Han Chinese,EAS
NA18617,Han Chinese,EAS
NA18546,Han Chinese,EAS
NA18624,Han Chinese,EAS
NA18553,Han Chinese,EAS
NA18876,Yoruba,AFR
NA18558,Han Chinese,EAS
NA18908,Yoruba,AFR
NA18560,Han Chinese,EAS
NA18910,Yoruba,AFR
NA18565,Han Chinese,EAS
NA18915,Yoruba,AFR
NA18572,Han Chinese,EAS
NA18934,Yoruba,AFR
NA18933,Yoruba,AFR
NA18939,Japanese,EAS
NA18940,Japanese,EAS
NA18941,Japanese,EAS
NA18945,Japanese,EAS
NA18946,Japanese,EAS
NA18952,Japanese,EAS
NA18953,Japanese,EAS
NA18957,Japanese,EAS
NA18960,Japanese,EAS
NA18964,Japanese,EAS
NA18629,Han Chinese,EAS
NA18969,Japanese,EAS
NA18631,Han Chinese,EAS
NA18971,Japanese,EAS
NA18636,Han Chinese,EAS
NA18976,Japanese,EAS
NA18643,Han Chinese,EAS
NA18983,Japanese,EAS
NA18648,Han Chinese,EAS
NA18988,Japanese,EAS
NA18749,Han Chinese,EAS
NA18990,Japanese,EAS
NA18995,Japanese,EAS
NA19001,Japanese,EAS
NA19006,Japanese,EAS
NA18864,Yoruba,AFR
NA18871,Yoruba,AFR
NA11829,Northern European,EUR
NA12342,Northern European,EUR
NA11831,Northern European,EUR
NA12347,Northern European,EUR
NA11843,Northern European,EUR
NA12400,Northern European,EUR
NA11881,Northern European,EUR
NA11893,Northern European,EUR
NA11918,Northern European,EUR
NA11920,Northern European,EUR
NA12760,Northern European,EUR
NA11932,Northern European,EUR
NA12777,Northern European,EUR
NA11994,Northern European,EUR
NA18965,Japanese,EAS
NA12005,Northern European,EUR
NA18972,Japanese,EAS
NA12043,Northern European,EUR
NA18977,Japanese,EAS
NA18577,Han Chinese,EAS
NA18984,Japanese,EAS
NA18591,Han Chinese,EAS
NA18989,Japanese,EAS
NA18596,Han Chinese,EAS
NA18991,Japanese,EAS
NA18609,Han Chinese,EAS
NA19002,Japanese,EAS
NA18611,Han Chinese,EAS
NA19007,Japanese,EAS
NA18616,Han Chinese,EAS
NA19019,Luhya,AFR
NA18623,Han Chinese,EAS
NA19026,Luhya,AFR
NA18628,Han Chinese,EAS
NA06984,Northern European,EUR
NA18630,Han Chinese,EAS
NA06989,Northern European,EUR
NA18635,Han Chinese,EAS
NA18642,Han Chinese,EAS
NA18647,Han Chinese,EAS
NA18748,Han Chinese,EAS
NA18856,Yoruba,AFR
NA12776,Northern European,EUR
NA12815,Northern European,EUR
NA12827,Northern European,EUR
NA19108,Yoruba,AFR
NA12872,Northern European,EUR
NA12889,Northern European,EUR
NA18488,Yoruba,AFR
NA19141,Yoruba,AFR
NA12144,Northern European,EUR
NA19146,Yoruba,AFR
NA12156,Northern European,EUR
NA19153,Yoruba,AFR
NA19160,Yoruba,AFR
NA12283,Northern European,EUR
NA19172,Yoruba,AFR
NA12341,Northern European,EUR
NA19184,Yoruba,AFR
NA19189,Yoruba,AFR
NA07051,Northern European,EUR
NA07056,Northern European,EUR
NA19317,Luhya,AFR
NA07347,Northern European,EUR
NA19324,Luhya,AFR
NA19331,Luhya,AFR
NA19350,Luhya,AFR
NA19355,Luhya,AFR
HG04222,Telugu,SAS
NA19374,Luhya,AFR
HG04227,Tamil,SAS
NA19379,Luhya,AFR
HG04239,Telugu,SAS
NA19393,Luhya,AFR
NA07037,Northern European,EUR
NA19398,Luhya,AFR
NA19401,Luhya,AFR
NA18868,Yoruba,AFR
NA18870,Yoruba,AFR
NA19437,Luhya,AFR
NA18907,Yoruba,AFR
NA19449,Luhya,AFR
NA19451,Luhya,AFR
NA19456,Luhya,AFR
NA19463,Luhya,AFR
NA19152,Yoruba,AFR
NA19468,Luhya,AFR
NA19171,Yoruba,AFR
NA19475,Luhya,AFR
NA19190,Yoruba,AFR
NA19658,Mexican,AMR
NA19210,Yoruba,AFR
NA19222,Yoruba,AFR
NA19747,Mexican,AMR
NA19239,Yoruba,AFR
NA19759,Mexican,AMR
NA19309,Luhya,AFR
NA19761,Mexican,AMR
NA19316,Luhya,AFR
NA19773,Mexican,AMR
NA19323,Luhya,AFR
NA19328,Luhya,AFR
NA19780,Mexican,AMR
NA19347,Luhya,AFR
NA19785,Mexican,AMR
NA19792,Mexican,AMR
NA19378,Luhya,AFR
NA19380,Luhya,AFR
NA19901,African SW,AFR
NA19385,Luhya,AFR
NA19397,Luhya,AFR
NA19429,Luhya,AFR
NA19920,African SW,AFR
NA19431,Luhya,AFR
NA19982,African SW,AFR
NA19436,Luhya,AFR
NA19443,Luhya,AFR
NA20282,African SW,AFR
NA19448,Luhya,AFR
NA19455,Luhya,AFR
NA19684,Mexican,AMR
NA19462,Luhya,AFR
NA19704,African SW,AFR
NA19467,Luhya,AFR
NA19711,African SW,AFR
NA19474,Luhya,AFR
NA19716,Mexican,AMR
NA19652,Mexican,AMR
NA19723,Mexican,AMR
NA19657,Mexican,AMR
NA19664,Mexican,AMR
NA19669,Mexican,AMR
NA19676,Mexican,AMR
NA19204,Yoruba,AFR
NA19020,Luhya,AFR
NA19209,Yoruba,AFR
NA19025,Luhya,AFR
NA19037,Luhya,AFR
NA19223,Yoruba,AFR
NA19044,Luhya,AFR
NA19235,Yoruba,AFR
NA19056,Japanese,EAS
NA19247,Yoruba,AFR
NA19063,Japanese,EAS
NA19068,Japanese,EAS
NA19038,Luhya,AFR
NA19070,Japanese,EAS
NA19057,Japanese,EAS
NA19075,Japanese,EAS
NA19064,Japanese,EAS
NA19082,Japanese,EAS
NA19076,Japanese,EAS
NA19087,Japanese,EAS
NA19083,Japanese,EAS
NA19088,Japanese,EAS
NA19835,African SW,AFR
NA19090,Japanese,EAS
NA19900,African SW,AFR
NA19095,Yoruba,AFR
NA20287,African SW,AFR
NA19917,African SW,AFR
NA20294,African SW,AFR
NA20299,African SW,AFR
NA20314,African SW,AFR
NA20281,African SW,AFR
NA19746,Mexican,AMR
NA20340,African SW,AFR
NA19758,Mexican,AMR
NA20787,Toscani,EUR
NA20799,Toscani,EUR
NA20802,Toscani,EUR
NA19777,Mexican,AMR
NA20807,Toscani,EUR
NA20814,Toscani,EUR
NA19789,Mexican,AMR
NA20819,Toscani,EUR
NA20821,Toscani,EUR
NA20826,Toscani,EUR
NA19099,Yoruba,AFR
NA20845,Gujarati,SAS
NA19102,Yoruba,AFR
NA20852,Gujarati,SAS
NA19107,Yoruba,AFR
NA19114,Yoruba,AFR
NA20357,African SW,AFR
NA19119,Yoruba,AFR
NA19121,Yoruba,AFR
NA20504,Toscani,EUR
NA19138,Yoruba,AFR
NA20509,Toscani,EUR
NA20511,Toscani,EUR
NA19703,African SW,AFR
NA20516,Toscani,EUR
NA20528,Toscani,EUR
NA19722,Mexican,AMR
NA20530,Toscani,EUR
NA20535,Toscani,EUR
NA19734,Mexican,AMR
NA20542,Toscani,EUR
NA19741,Mexican,AMR
NA20585,Toscani,EUR
NA20298,African SW,AFR
NA20756,Toscani,EUR
NA20763,Toscani,EUR
NA20768,Toscani,EUR
NA20770,Toscani,EUR
NA20320,African SW,AFR
NA20775,Toscani,EUR
NA20332,African SW,AFR
NA20864,Gujarati,SAS
NA20869,Gujarati,SAS
NA20876,Gujarati,SAS
NA20351,African SW,AFR
NA20883,Gujarati,SAS
NA20356,African SW,AFR
NA20908,Gujarati,SAS
NA20910,Gujarati,SAS
NA21088,Gujarati,SAS
NA20503,Toscani,EUR
NA21090,Gujarati,SAS
NA20508,Toscani,EUR
NA21095,Gujarati,SAS
NA20510,Toscani,EUR
NA20888,Gujarati,SAS
NA20515,Toscani,EUR
NA20890,Gujarati,SAS
NA20522,Toscani,EUR
NA20895,Gujarati,SAS
NA20786,Toscani,EUR
NA20903,Gujarati,SAS
NA20798,Toscani,EUR
NA20801,Toscani,EUR
NA20806,Toscani,EUR
NA20813,Toscani,EUR
NA20818,Toscani,EUR
NA20832,Toscani,EUR
NA21127,Gujarati,SAS
NA20849,Gujarati,SAS
NA20851,Gujarati,SAS
NA21141,Gujarati,SAS
NA20856,Gujarati,SAS
NA21103,Gujarati,SAS
NA21126,Gujarati,SAS
NA21108,Gujarati,SAS
NA21133,Gujarati,SAS
NA21110,Gujarati,SAS
NA21115,Gujarati,SAS
NA20527,Toscani,EUR
NA21122,Gujarati,SAS
NA20534,Toscani,EUR
NA20539,Toscani,EUR
NA20541,Toscani,EUR
NA20589,Toscani,EUR
NA20755,Toscani,EUR
NA20762,Toscani,EUR
NA20767,Toscani,EUR
NA20774,Toscani,EUR
NA21102,Gujarati,SAS
NA21107,Gujarati,SAS
NA21114,Gujarati,SAS
NA21119,Gujarati,SAS
NA21121,Gujarati,SAS
NA20863,Gujarati,SAS
NA20868,Gujarati,SAS
NA20870,Gujarati,SAS
NA20875,Gujarati,SAS
NA20882,Gujarati,SAS
NA21087,Gujarati,SAS
NA21094,Gujarati,SAS
NA21099,Gujarati,SAS
NA20887,Gujarati,SAS
NA20894,Gujarati,SAS
NA20899,Gujarati,SAS
NA20902,Gujarati,SAS
HG00135,British,EUR
HG00138,British,EUR
HG00154,British,EUR
HG00140,British,EUR
HG00159,British,EUR
HG00145,British,EUR
HG00173,Finnish,EUR
HG00152,British,EUR
HG00178,Finnish,EUR
HG00157,British,EUR
HG00180,Finnish,EUR
HG00171,Finnish,EUR
HG00185,Finnish,EUR
HG00176,Finnish,EUR
HG00231,British,EUR
HG00183,Finnish,EUR
HG00236,British,EUR
HG00188,Finnish,EUR
HG00243,British,EUR
HG00190,Finnish,EUR
HG00234,British,EUR
HG00250,British,EUR
HG00239,British,EUR
HG00255,British,EUR
HG00246,British,EUR
HG00262,British,EUR
HG00253,British,EUR
HG00267,Finnish,EUR
HG00258,British,EUR
HG00274,Finnish,EUR
HG00260,British,EUR
HG00281,Finnish,EUR
HG00265,British,EUR
HG00306,Finnish,EUR
HG00272,Finnish,EUR
HG00313,Finnish,EUR
HG00277,Finnish,EUR
HG00318,Finnish,EUR
HG00320,Finnish,EUR
HG00513,Southern Han Chinese,EAS
HG00325,Finnish,EUR
HG00525,Southern Han Chinese,EAS
HG00332,Finnish,EUR
HG00337,Finnish,EUR
HG00537,Southern Han Chinese,EAS
HG00344,Finnish,EUR
HG00349,Finnish,EUR
HG00551,Puerto Rican,AMR
HG00351,Finnish,EUR
HG00556,Southern Han Chinese,EAS
HG00356,Finnish,EUR
HG00368,Finnish,EUR
HG00378,Finnish,EUR
HG00375,Finnish,EUR
HG00380,Finnish,EUR
HG00096,British,EUR
HG00104,British,EUR
HG00109,British,EUR
HG00436,Southern Han Chinese,EAS
HG00111,British,EUR
HG00443,Southern Han Chinese,EAS
HG00116,British,EUR
HG00448,Southern Han Chinese,EAS
HG00123,British,EUR
HG00128,British,EUR
HG00130,British,EUR
HG00479,Southern Han Chinese,EAS
HG00284,Finnish,EUR
HG00304,Finnish,EUR
HG00309,Finnish,EUR
HG00311,Finnish,EUR
HG00323,Finnish,EUR
HG00328,Finnish,EUR
HG00330,Finnish,EUR
HG00335,Finnish,EUR
HG00342,Finnish,EUR
HG00359,Finnish,EUR
HG00361,Finnish,EUR
HG00366,Finnish,EUR
HG00373,Finnish,EUR
HG00599,Southern Han Chinese,EAS
HG00607,Southern Han Chinese,EAS
HG00614,Southern Han Chinese,EAS
HG00382,Finnish,EUR
HG00619,Southern Han Chinese,EAS
HG00407,Southern Han Chinese,EAS
HG00419,Southern Han Chinese,EAS
HG00626,Southern Han Chinese,EAS
HG00421,Southern Han Chinese,EAS
HG00638,Puerto Rican,AMR
HG00445,Southern Han Chinese,EAS
HG00099,British,EUR
HG00452,Southern Han Chinese,EAS
HG00102,British,EUR
HG00457,Southern Han Chinese,EAS
HG00107,British,EUR
HG00464,Southern Han Chinese,EAS
HG00114,British,EUR
HG00476,Southern Han Chinese,EAS
HG00119,British,EUR
HG00729,Southern Han Chinese,EAS
HG00121,British,EUR
HG00731,Puerto Rican,AMR
HG00126,British,EUR
HG00736,Puerto Rican,AMR
HG00133,British,EUR
HG00743,Puerto Rican,AMR
HG00844,Dai Chinese,EAS
HG00851,Dai Chinese,EAS
HG00640,Puerto Rican,AMR
HG01094,Puerto Rican,AMR
HG00657,Southern Han Chinese,EAS
HG01102,Puerto Rican,AMR
HG01107,Puerto Rican,AMR
HG00671,Southern Han Chinese,EAS
HG01119,Colombian,AMR
HG00683,Southern Han Chinese,EAS
HG01121,Colombian,AMR
HG00690,Southern Han Chinese,EAS
HG01133,Colombian,AMR
HG00708,Southern Han Chinese,EAS
HG01148,Colombian,AMR
HG01140,Colombian,AMR
HG00534,Southern Han Chinese,EAS
HG01162,Puerto Rican,AMR
HG00553,Puerto Rican,AMR
HG01167,Puerto Rican,AMR
HG01174,Puerto Rican,AMR
HG00560,Southern Han Chinese,EAS
HG01198,Puerto Rican,AMR
HG00565,Southern Han Chinese,EAS
HG00584,Southern Han Chinese,EAS
HG01251,Colombian,AMR
HG00589,Southern Han Chinese,EAS
HG01326,Puerto Rican,AMR
HG01345,Colombian,AMR
HG00654,Southern Han Chinese,EAS
HG01357,Colombian,AMR
HG00692,Southern Han Chinese,EAS
HG01369,Colombian,AMR
HG01092,Puerto Rican,AMR
HG00705,Southern Han Chinese,EAS
HG01097,Puerto Rican,AMR
HG00717,Southern Han Chinese,EAS
HG01105,Puerto Rican,AMR
HG00596,Southern Han Chinese,EAS
HG01112,Colombian,AMR
HG01124,Colombian,AMR
HG00611,Southern Han Chinese,EAS
HG01131,Colombian,AMR
HG00623,Southern Han Chinese,EAS
HG01136,Colombian,AMR
HG00628,Southern Han Chinese,EAS
HG01028,Dai Chinese,EAS
HG01047,Puerto Rican,AMR
HG01054,Puerto Rican,AMR
HG01049,Puerto Rican,AMR
HG01061,Puerto Rican,AMR
HG01051,Puerto Rican,AMR
HG01066,Puerto Rican,AMR
HG01073,Puerto Rican,AMR
HG01063,Puerto Rican,AMR
HG01080,Puerto Rican,AMR
HG01085,Puerto Rican,AMR
HG01070,Puerto Rican,AMR
HG01075,Puerto Rican,AMR
HG01383,Colombian,AMR
HG01082,Puerto Rican,AMR
HG01390,Colombian,AMR
HG01395,Puerto Rican,AMR
HG01164,Puerto Rican,AMR
HG01403,Puerto Rican,AMR
HG01171,Puerto Rican,AMR
HG01176,Puerto Rican,AMR
HG01441,Colombian,AMR
HG01183,Puerto Rican,AMR
HG01188,Puerto Rican,AMR
HG01465,Colombian,AMR
HG01190,Puerto Rican,AMR
HG00734,Puerto Rican,AMR
HG00739,Puerto Rican,AMR
HG01241,Puerto Rican,AMR
HG01253,Colombian,AMR
HG01256,Colombian,AMR
HG01260,Colombian,AMR
HG01275,Colombian,AMR
HG01272,Colombian,AMR
HG01302,Puerto Rican,AMR
HG01277,Colombian,AMR
HG01284,Colombian,AMR
HG01311,Puerto Rican,AMR
HG01489,Colombian,AMR
HG01323,Puerto Rican,AMR
HG01491,Colombian,AMR
HG01342,Colombian,AMR
HG01504,Iberian,EUR
HG01354,Colombian,AMR
HG01597,Kinh Vietnamese,EAS
HG01359,Colombian,AMR
HG01600,Kinh Vietnamese,EAS
HG01605,Iberian,EUR
HG01366,Colombian,AMR
HG01612,Iberian,EUR
HG01474,Colombian,AMR
HG01509,Iberian,EUR
HG01479,Colombian,AMR
HG01516,Iberian,EUR
HG01486,Colombian,AMR
HG01528,Iberian,EUR
HG01498,Colombian,AMR
HG01530,Iberian,EUR
HG01501,Iberian,EUR
HG01617,Iberian,EUR
HG01624,Iberian,EUR
HG01619,Iberian,EUR
HG01631,Iberian,EUR
HG01626,Iberian,EUR
HG01669,Iberian,EUR
HG01566,Peruvian,AMR
HG01378,Colombian,AMR
HG01578,Peruvian,AMR
HG01679,Iberian,EUR
HG01392,Puerto Rican,AMR
HG01686,Iberian,EUR
HG01405,Puerto Rican,AMR
HG01412,Puerto Rican,AMR
HG01768,Iberian,EUR
HG01599,Kinh Vietnamese,EAS
HG01770,Iberian,EUR
HG01602,Iberian,EUR
HG01775,Iberian,EUR
HG01607,Iberian,EUR
HG01506,Iberian,EUR
HG01513,Iberian,EUR
HG01518,Iberian,EUR
HG01756,Iberian,EUR
HG01525,Iberian,EUR
HG01794,Dai Chinese,EAS
HG01799,Dai Chinese,EAS
HG01537,Iberian,EUR
HG01802,Dai Chinese,EAS
HG01551,Colombian,AMR
HG01807,Dai Chinese,EAS
HG01556,Colombian,AMR
HG01431,Colombian,AMR
HG01890,African Caribbean,AFR
HG01443,Colombian,AMR
HG01455,Colombian,AMR
HG01915,African Caribbean,AFR
HG01462,Colombian,AMR
HG01676,Iberian,EUR
HG01958,African Caribbean,AFR
HG01695,Iberian,EUR
HG01979,Peruvian,AMR
HG01965,Peruvian,AMR
HG01986,African Caribbean,AFR
HG01977,Peruvian,AMR
HG01989,African Caribbean,AFR
HG01892,Peruvian,AMR
HG01991,Peruvian,AMR
HG02002,Peruvian,AMR
HG01912,African Caribbean,AFR
HG02014,African Caribbean,AFR
HG02019,Kinh Vietnamese,EAS
HG00134,British,EUR
HG01924,Peruvian,AMR
HG00139,British,EUR
HG01866,Kinh Vietnamese,EAS
HG02026,Kinh Vietnamese,EAS
HG00141,British,EUR
HG01873,Kinh Vietnamese,EAS
HG00146,British,EUR
HG01878,Kinh Vietnamese,EAS
HG01880,African Caribbean,AFR
HG01939,Peruvian,AMR
HG00158,British,EUR
HG01885,African Caribbean,AFR
HG01941,Peruvian,AMR
HG00160,British,EUR
HG00177,Finnish,EUR
HG01777,Iberian,EUR
HG01864,Kinh Vietnamese,EAS
HG00189,Finnish,EUR
HG01784,Iberian,EUR
HG01869,Kinh Vietnamese,EAS
HG00235,British,EUR
HG01789,British,EUR
HG01871,Kinh Vietnamese,EAS
HG00242,British,EUR
HG01883,African Caribbean,AFR
HG01708,Iberian,EUR
HG02064,Kinh Vietnamese,EAS
HG00254,British,EUR
HG01710,Iberian,EUR
HG02069,Kinh Vietnamese,EAS
HG00259,British,EUR
HG01746,Iberian,EUR
HG00261,British,EUR
HG01765,Iberian,EUR
HG02076,Kinh Vietnamese,EAS
HG00266,Finnish,EUR
HG01791,British,EUR
HG02040,Kinh Vietnamese,EAS
HG00273,Finnish,EUR
HG01796,Dai Chinese,EAS
HG02052,African Caribbean,AFR
HG00278,Finnish,EUR
HG01804,Dai Chinese,EAS
HG02057,Kinh Vietnamese,EAS
HG00379,Finnish,EUR
HG01809,Dai Chinese,EAS
HG01840,Kinh Vietnamese,EAS
HG00381,Finnish,EUR
HG01811,Dai Chinese,EAS
HG01845,Kinh Vietnamese,EAS
HG00406,Southern Han Chinese,EAS
HG01852,Kinh Vietnamese,EAS
HG01857,Kinh Vietnamese,EAS
HG01967,Peruvian,AMR
HG00437,Southern Han Chinese,EAS
HG02088,Kinh Vietnamese,EAS
HG01936,Peruvian,AMR
HG02090,Peruvian,AMR
HG00449,Southern Han Chinese,EAS
HG02095,African Caribbean,AFR
HG00451,Southern Han Chinese,EAS
HG01948,Peruvian,AMR
HG02108,African Caribbean,AFR
HG00463,Southern Han Chinese,EAS
HG01816,Dai Chinese,EAS
HG00475,Southern Han Chinese,EAS
HG01842,Kinh Vietnamese,EAS
HG00280,Finnish,EUR
HG01847,Kinh Vietnamese,EAS
HG00285,Finnish,EUR
HG01859,Kinh Vietnamese,EAS
HG02285,Peruvian,AMR
HG00312,Finnish,EUR
HG01861,Kinh Vietnamese,EAS
HG00324,Finnish,EUR
HG00329,Finnish,EUR
HG02009,African Caribbean,AFR
HG02122,Kinh Vietnamese,EAS
HG00331,Finnish,EUR
HG02127,Kinh Vietnamese,EAS
HG00336,Finnish,EUR
HG02016,Kinh Vietnamese,EAS
HG02134,Kinh Vietnamese,EAS
HG00343,Finnish,EUR
HG02023,Kinh Vietnamese,EAS
HG02139,Kinh Vietnamese,EAS
HG00350,Finnish,EUR
HG02028,Kinh Vietnamese,EAS
HG02141,Kinh Vietnamese,EAS
HG00355,Finnish,EUR
HG00362,Finnish,EUR
HG02035,Kinh Vietnamese,EAS
HG02235,Iberian,EUR
HG00367,Finnish,EUR
HG02047,Kinh Vietnamese,EAS
HG00103,British,EUR
HG02054,African Caribbean,AFR
HG00108,British,EUR
HG00110,British,EUR
HG02061,Kinh Vietnamese,EAS
HG00115,British,EUR
HG02073,Kinh Vietnamese,EAS
HG02343,African Caribbean,AFR
HG00122,British,EUR
HG02078,Kinh Vietnamese,EAS
HG00127,British,EUR
HG02355,Dai Chinese,EAS
HG02367,Dai Chinese,EAS
HG02282,African Caribbean,AFR
HG02374,Dai Chinese,EAS
HG02184,Dai Chinese,EAS
HG02307,African Caribbean,AFR
HG02223,Iberian,EUR
HG02314,African Caribbean,AFR
HG02230,Iberian,EUR
HG02181,Dai Chinese,EAS
HG02386,Dai Chinese,EAS
HG02186,Dai Chinese,EAS
HG02398,Dai Chinese,EAS
HG02401,Dai Chinese,EAS
HG00533,Southern Han Chinese,EAS
HG02220,Iberian,EUR
HG02406,Dai Chinese,EAS
HG02312,Peruvian,AMR
HG02317,African Caribbean,AFR
HG00557,Southern Han Chinese,EAS
HG02153,Dai Chinese,EAS
HG00583,Southern Han Chinese,EAS
HG02155,Dai Chinese,EAS
HG02165,Dai Chinese,EAS
HG00590,Southern Han Chinese,EAS
HG02603,Punjabi,SAS
HG02610,Gambian Mandinka,AFR
HG00641,Puerto Rican,AMR
HG02131,Kinh Vietnamese,EAS
HG00653,Southern Han Chinese,EAS
HG02136,Kinh Vietnamese,EAS
HG02143,African Caribbean,AFR
HG02634,Gambian Mandinka,AFR
HG00672,Southern Han Chinese,EAS
HG02232,Iberian,EUR
HG02646,Gambian Mandinka,AFR
HG00684,Southern Han Chinese,EAS
HG00689,Southern Han Chinese,EAS
HG02256,African Caribbean,AFR
HG02345,Peruvian,AMR
HG02759,Gambian Mandinka,AFR
HG00704,Southern Han Chinese,EAS
HG02364,Dai Chinese,EAS
HG02371,Dai Chinese,EAS
HG02085,Kinh Vietnamese,EAS
HG02778,Punjabi,SAS
HG01029,Dai Chinese,EAS
HG02780,Punjabi,SAS
HG01031,Dai Chinese,EAS
HG02600,Punjabi,SAS
HG01048,Puerto Rican,AMR
HG02696,Punjabi,SAS
HG01055,Puerto Rican,AMR
HG02629,Gambian Mandinka,AFR
HG02716,Gambian Mandinka,AFR
HG01067,Puerto Rican,AMR
HG02643,Gambian Mandinka,AFR
HG02728,Punjabi,SAS
HG01079,Puerto Rican,AMR
HG02648,Punjabi,SAS
HG02557,African Caribbean,AFR
HG01086,Puerto Rican,AMR
HG02554,African Caribbean,AFR
HG02571,Gambian Mandinka,AFR
HG00728,Southern Han Chinese,EAS
HG02583,Gambian Mandinka,AFR
HG02561,Gambian Mandinka,AFR
HG02588,Gambian Mandinka,AFR
HG02573,Gambian Mandinka,AFR
HG00742,Puerto Rican,AMR
HG02580,African Caribbean,AFR
HG02595,Gambian Mandinka,AFR
HG00759,Dai Chinese,EAS
HG02585,Gambian Mandinka,AFR
HG02792,Punjabi,SAS
HG00766,Dai Chinese,EAS
HG02597,Punjabi,SAS
HG00867,Dai Chinese,EAS
HG02655,Punjabi,SAS
HG02805,Gambian Mandinka,AFR
HG00879,Dai Chinese,EAS
HG02667,Gambian Mandinka,AFR
HG02817,Gambian Mandinka,AFR
HG00956,Dai Chinese,EAS
HG02679,Gambian Mandinka,AFR
HG02836,Gambian Mandinka,AFR
HG00982,Dai Chinese,EAS
HG02681,Punjabi,SAS
HG02420,African Caribbean,AFR
HG02425,Peruvian,AMR
HG02465,Gambian Mandinka,AFR
HG02449,African Caribbean,AFR
HG01334,British,EUR
HG02477,African Caribbean,AFR
HG01341,Colombian,AMR
HG02484,African Caribbean,AFR
HG02489,African Caribbean,AFR
HG01353,Colombian,AMR
HG02491,Punjabi,SAS
HG02660,Punjabi,SAS
HG02737,Punjabi,SAS
HG01360,Colombian,AMR
HG02756,Gambian Mandinka,AFR
HG02684,Punjabi,SAS
HG01365,Colombian,AMR
HG02763,Gambian Mandinka,AFR
HG01149,Colombian,AMR
HG02768,Gambian Mandinka,AFR
HG02502,African Caribbean,AFR
HG01168,Puerto Rican,AMR
HG01170,Puerto Rican,AMR
HG02775,Punjabi,SAS
HG02521,Kinh Vietnamese,EAS
HG02408,Dai Chinese,EAS
HG01182,Puerto Rican,AMR
HG02410,Dai Chinese,EAS
HG02545,African Caribbean,AFR
HG01187,Puerto Rican,AMR
HG02470,African Caribbean,AFR
HG02427,African Caribbean,AFR
HG02494,Punjabi,SAS
HG02439,African Caribbean,AFR
HG02855,Gambian Mandinka,AFR
HG02496,African Caribbean,AFR
HG00608,Southern Han Chinese,EAS
HG02511,African Caribbean,AFR
HG02879,Gambian Mandinka,AFR
HG00610,Southern Han Chinese,EAS
HG02881,Gambian Mandinka,AFR
HG00622,Southern Han Chinese,EAS
HG02383,Dai Chinese,EAS
HG02944,Esan,AFR
HG02982,Gambian Mandinka,AFR
HG00634,Southern Han Chinese,EAS
HG02390,Dai Chinese,EAS
HG03012,Bengali,SAS
HG01098,Puerto Rican,AMR
HG02395,Dai Chinese,EAS
HG01101,Puerto Rican,AMR
HG03024,Gambian Mandinka,AFR
HG01113,Colombian,AMR
HG02725,Punjabi,SAS
HG03048,Gambian Mandinka,AFR
HG01125,Colombian,AMR
HG01137,Colombian,AMR
HG03007,Bengali,SAS
HG03055,Mende,AFR
HG01257,Colombian,AMR
HG03019,Punjabi,SAS
HG01269,Colombian,AMR
HG03021,Punjabi,SAS
HG03238,Punjabi,SAS
HG01271,Colombian,AMR
HG03240,Gambian Mandinka,AFR
HG03074,Mende,AFR
HG01303,Puerto Rican,AMR
HG03040,Gambian Mandinka,AFR
HG03079,Mende,AFR
HG01308,Puerto Rican,AMR
HG03045,Gambian Mandinka,AFR
HG03081,Mende,AFR
HG01531,Iberian,EUR
HG02840,Gambian Mandinka,AFR
HG03086,Mende,AFR
HG01536,Iberian,EUR
HG02852,Gambian Mandinka,AFR
HG01550,Colombian,AMR
HG03168,Esan,AFR
HG01586,Punjabi,SAS
HG02888,Gambian Mandinka,AFR
HG03175,Esan,AFR
HG01593,Punjabi,SAS
HG02890,Gambian Mandinka,AFR
HG01372,Colombian,AMR
HG02895,Gambian Mandinka,AFR
HG03199,Esan,AFR
HG01377,Colombian,AMR
HG02922,Esan,AFR
HG03202,Esan,AFR
HG01384,Colombian,AMR
HG01389,Colombian,AMR
HG02941,Esan,AFR
HG03118,Esan,AFR
HG02787,Punjabi,SAS
HG03120,Esan,AFR
HG01396,Puerto Rican,AMR
HG02799,Gambian Mandinka,AFR
HG03132,Esan,AFR
HG02807,Gambian Mandinka,AFR
HG01435,Colombian,AMR
HG02814,Gambian Mandinka,AFR
HG03163,Esan,AFR
HG02819,Gambian Mandinka,AFR
HG02968,Esan,AFR
HG01447,Colombian,AMR
HG02970,Esan,AFR
HG01459,Colombian,AMR
HG03172,Esan,AFR
HG01461,Colombian,AMR
HG03189,Esan,AFR
HG03485,Mende,AFR
HG03196,Esan,AFR
HG01512,Iberian,EUR
HG03209,Mende,AFR
HG03228,Punjabi,SAS
HG01524,Iberian,EUR
HG02946,Esan,AFR
HG02953,Esan,AFR
HG03625,Punjabi,SAS
HG01485,Colombian,AMR
HG02977,Esan,AFR
HG03461,Mende,AFR
HG01492,Colombian,AMR
HG03052,Mende,AFR
HG01497,Colombian,AMR
HG03057,Mende,AFR
HG03473,Mende,AFR
HG01500,Iberian,EUR
HG03064,Mende,AFR
HG03517,Esan,AFR
HG01618,Iberian,EUR
HG03069,Mende,AFR
HG03548,Mende,AFR
HG01620,Iberian,EUR
HG03567,Mende,AFR
HG01625,Iberian,EUR
HG03088,Mende,AFR
HG01632,Iberian,EUR
HG03095,Mende,AFR
HG01668,Iberian,EUR
HG03103,Esan,AFR
HG01670,Iberian,EUR
HG03108,Esan,AFR
HG01675,Iberian,EUR
HG03391,Mende,AFR
HG01598,Kinh Vietnamese,EAS
HG03115,Esan,AFR
HG03271,Esan,AFR
HG01606,Iberian,EUR
HG03127,Esan,AFR
HG03295,Esan,AFR
HG01613,Iberian,EUR
HG03303,Esan,AFR
HG01682,Iberian,EUR
HG03139,Esan,AFR
HG03593,Bengali,SAS
HG01694,Iberian,EUR
HG03160,Esan,AFR
HG03598,Bengali,SAS
HG01699,Iberian,EUR
HG03538,Gambian Mandinka,AFR
HG01702,Iberian,EUR
HG03428,Mende,AFR
HG01707,Iberian,EUR
HG03557,Mende,AFR
HG03442,Mende,AFR
HG01757,Iberian,EUR
HG03571,Mende,AFR
HG02008,Peruvian,AMR
HG02010,African Caribbean,AFR
HG03235,Punjabi,SAS
HG03702,Punjabi,SAS
HG03247,Gambian Mandinka,AFR
HG03714,Telugu,SAS
HG01771,Iberian,EUR
HG03259,Gambian Mandinka,AFR
HG01776,Iberian,EUR
HG01783,Iberian,EUR
HG03644,Tamil,SAS
HG01790,British,EUR
HG03499,Esan,AFR
HG03649,Punjabi,SAS
HG03514,Esan,AFR
HG01980,Peruvian,AMR
HG01985,African Caribbean,AFR
HG03521,Esan,AFR
HG03663,Punjabi,SAS
HG03583,Mende,AFR
HG03668,Punjabi,SAS
HG01889,African Caribbean,AFR
HG03595,Bengali,SAS
HG03788,Telugu,SAS
HG03603,Bengali,SAS
HG03790,Telugu,SAS
HG01896,African Caribbean,AFR
HG03615,Bengali,SAS
HG03803,Bengali,SAS
HG03757,Tamil,SAS
HG01841,Kinh Vietnamese,EAS
HG03393,Mende,AFR
HG01846,Kinh Vietnamese,EAS
HG03398,Mende,AFR
HG03771,Telugu,SAS
HG01853,Kinh Vietnamese,EAS
HG03401,Mende,AFR
HG01858,Kinh Vietnamese,EAS
HG03846,Tamil,SAS
HG01860,Kinh Vietnamese,EAS
HG03343,Esan,AFR
HG03858,Tamil,SAS
HG03808,Bengali,SAS
HG03815,Bengali,SAS
HG03367,Esan,AFR
HG01973,Peruvian,AMR
HG03432,Mende,AFR
HG03437,Mende,AFR
HG03687,Tamil,SAS
HG01935,Peruvian,AMR
HG03449,Mende,AFR
HG03694,Tamil,SAS
HG01942,Peruvian,AMR
HG03451,Mende,AFR
HG03733,Tamil,SAS
HG01947,Peruvian,AMR
HG03280,Esan,AFR
HG03738,Tamil,SAS
HG01865,Kinh Vietnamese,EAS
HG03297,Esan,AFR
HG03740,Tamil,SAS
HG01872,Kinh Vietnamese,EAS
HG03300,Esan,AFR
HG03745,Tamil,SAS
HG03752,Tamil,SAS
HG01795,Dai Chinese,EAS
HG03872,Telugu,SAS
HG01808,Dai Chinese,EAS
HG03884,Tamil,SAS
HG01810,Dai Chinese,EAS
HG03470,Mende,AFR
HG01815,Dai Chinese,EAS
HG03812,Bengali,SAS
HG04200,Telugu,SAS
HG02084,Kinh Vietnamese,EAS
HG03817,Bengali,SAS
HG04212,Telugu,SAS
HG02089,Peruvian,AMR
HG03824,Bengali,SAS
HG03829,Bengali,SAS
HG03896,Tamil,SAS
HG02111,African Caribbean,AFR
HG03836,Tamil,SAS
HG02116,Kinh Vietnamese,EAS
HG03911,Bengali,SAS
HG02274,Peruvian,AMR
HG03709,Punjabi,SAS
HG03916,Bengali,SAS
HG03711,Tamil,SAS
HG02281,African Caribbean,AFR
HG03716,Telugu,SAS
HG04003,Tamil,SAS
HG02286,Peruvian,AMR
HG04015,Telugu,SAS
HG03730,Telugu,SAS
HG04022,Telugu,SAS
HG02298,Peruvian,AMR
HG03742,Telugu,SAS
HG04161,Bengali,SAS
HG02236,Iberian,EUR
HG04173,Bengali,SAS
HG02250,Dai Chinese,EAS
HG04180,Bengali,SAS
HG02255,African Caribbean,AFR
HG04185,Bengali,SAS
HG02262,Peruvian,AMR
HG03773,Telugu,SAS
HG03778,Telugu,SAS
HG03780,Telugu,SAS
HG02154,Dai Chinese,EAS
HG03785,Telugu,SAS
HG02166,Dai Chinese,EAS
HG03792,Telugu,SAS
HG04159,Bengali,SAS
HG02173,Dai Chinese,EAS
HG03928,Bengali,SAS
HG02178,Dai Chinese,EAS
HG03800,Bengali,SAS
HG02180,Dai Chinese,EAS
HG03805,Bengali,SAS
HG02185,Dai Chinese,EAS
HG03646,Tamil,SAS
HG04039,Tamil,SAS
HG03653,Punjabi,SAS
HG02224,Iberian,EUR
HG03660,Punjabi,SAS
HG03672,Tamil,SAS
HG04060,Telugu,SAS
HG02231,Iberian,EUR
HG03684,Tamil,SAS
HG03947,Tamil,SAS
HG02301,Peruvian,AMR
HG03689,Tamil,SAS
HG03973,Telugu,SAS
HG02318,African Caribbean,AFR
HG03691,Tamil,SAS
HG03978,Telugu,SAS
HG02325,African Caribbean,AFR
HG03696,Tamil,SAS
HG03985,Tamil,SAS
HG02332,African Caribbean,AFR
HG03634,Punjabi,SAS
HG04096,Telugu,SAS
HG02337,African Caribbean,AFR
NA18606,Han Chinese,EAS
HG02053,African Caribbean,AFR
HG03848,Tamil,SAS
NA18613,Han Chinese,EAS
HG02058,Kinh Vietnamese,EAS
HG03850,Tamil,SAS
NA18618,Han Chinese,EAS
HG02060,Kinh Vietnamese,EAS
HG03862,Telugu,SAS
NA18620,Han Chinese,EAS
HG02128,Kinh Vietnamese,EAS
HG03867,Telugu,SAS
NA18625,Han Chinese,EAS
HG02130,Kinh Vietnamese,EAS
NA18632,Han Chinese,EAS
NA18637,Han Chinese,EAS
HG02142,Kinh Vietnamese,EAS
NA18644,Han Chinese,EAS
HG02072,Kinh Vietnamese,EAS
HG04062,Telugu,SAS
NA18740,Han Chinese,EAS
NA18745,Han Chinese,EAS
HG02604,Punjabi,SAS
HG04093,Telugu,SAS
NA18757,Han Chinese,EAS
HG02611,Gambian Mandinka,AFR
HG04098,Telugu,SAS
HG02623,Gambian Mandinka,AFR
HG04106,Tamil,SAS
NA18853,Yoruba,AFR
HG02628,Gambian Mandinka,AFR
HG04118,Telugu,SAS
NA18858,Yoruba,AFR
HG02635,Gambian Mandinka,AFR
HG02642,Gambian Mandinka,AFR
HG04182,Bengali,SAS
NA12778,Northern European,EUR
NA12812,Northern European,EUR
HG02654,Punjabi,SAS
HG04194,Bengali,SAS
NA12829,Northern European,EUR
HG02661,Punjabi,SAS
HG03925,Bengali,SAS
NA12843,Northern European,EUR
HG02666,Gambian Mandinka,AFR
HG03937,Bengali,SAS
NA12874,Northern European,EUR
HG02678,Gambian Mandinka,AFR
HG03944,Tamil,SAS
HG03949,Tamil,SAS
HG02685,Punjabi,SAS
HG03999,Tamil,SAS
HG04017,Telugu,SAS
NA18505,Yoruba,AFR
HG02697,Punjabi,SAS
NA18517,Yoruba,AFR
HG02700,Punjabi,SAS
HG04029,Tamil,SAS
NA18531,Han Chinese,EAS
HG03874,Telugu,SAS
NA18536,Han Chinese,EAS
HG02724,Punjabi,SAS
NA18543,Han Chinese,EAS
HG03886,Tamil,SAS
NA18548,Han Chinese,EAS
HG02731,Punjabi,SAS
HG03898,Tamil,SAS
NA18550,Han Chinese,EAS
HG02464,Gambian Mandinka,AFR
HG04144,Bengali,SAS
NA18555,Han Chinese,EAS
HG02471,African Caribbean,AFR
NA18562,Han Chinese,EAS
HG02476,African Caribbean,AFR
NA18567,Han Chinese,EAS
HG02490,Punjabi,SAS
HG04156,Bengali,SAS
NA18574,Han Chinese,EAS
NA18579,Han Chinese,EAS
HG02558,African Caribbean,AFR
NA18593,Han Chinese,EAS
HG03913,Bengali,SAS
NA12273,Northern European,EUR
HG02577,African Caribbean,AFR
HG03920,Bengali,SAS
HG03951,Tamil,SAS
HG02589,Gambian Mandinka,AFR
HG03963,Telugu,SAS
HG03968,Telugu,SAS
NA12348,Northern European,EUR
HG02351,Dai Chinese,EAS
NA12413,Northern European,EUR
HG02356,Dai Chinese,EAS
NA18526,Han Chinese,EAS
NA12716,Northern European,EUR
NA18533,Han Chinese,EAS
NA12761,Northern European,EUR
HG02375,Dai Chinese,EAS
NA18538,Han Chinese,EAS
NA18865,Yoruba,AFR
HG02508,African Caribbean,AFR
NA18545,Han Chinese,EAS
HG02522,Kinh Vietnamese,EAS
NA18552,Han Chinese,EAS
NA18877,Yoruba,AFR
HG02541,African Caribbean,AFR
NA18557,Han Chinese,EAS
NA18909,Yoruba,AFR
HG02546,African Caribbean,AFR
NA18564,Han Chinese,EAS
HG02382,Dai Chinese,EAS
NA18571,Han Chinese,EAS
NA18916,Yoruba,AFR
NA18576,Han Chinese,EAS
NA18923,Yoruba,AFR
HG02394,Dai Chinese,EAS
NA18595,Han Chinese,EAS
HG02399,Dai Chinese,EAS
NA18603,Han Chinese,EAS
HG02402,Dai Chinese,EAS
NA18608,Han Chinese,EAS
NA18942,Japanese,EAS
HG02407,Dai Chinese,EAS
NA18610,Han Chinese,EAS
NA18947,Japanese,EAS
HG02419,African Caribbean,AFR
NA18615,Han Chinese,EAS
NA18954,Japanese,EAS
HG02433,African Caribbean,AFR
NA18622,Han Chinese,EAS
NA18959,Japanese,EAS
HG02445,African Caribbean,AFR
NA18627,Han Chinese,EAS
NA18961,Japanese,EAS
HG02786,Punjabi,SAS
NA18966,Japanese,EAS
HG02793,Punjabi,SAS
NA11830,Northern European,EUR
NA18973,Japanese,EAS
HG02798,Gambian Mandinka,AFR
NA11892,Northern European,EUR
NA18978,Japanese,EAS
NA18980,Japanese,EAS
HG02813,Gambian Mandinka,AFR
NA11931,Northern European,EUR
NA18985,Japanese,EAS
NA18992,Japanese,EAS
HG02820,Gambian Mandinka,AFR
NA12004,Northern European,EUR
NA18997,Japanese,EAS
HG02837,Gambian Mandinka,AFR
NA12155,Northern European,EUR
NA19003,Japanese,EAS
HG02851,Gambian Mandinka,AFR
NA12249,Northern European,EUR
NA19010,Japanese,EAS
HG02983,Gambian Mandinka,AFR
NA12275,Northern European,EUR
HG04229,Tamil,SAS
HG03006,Bengali,SAS
NA12282,Northern European,EUR
HG04301,British,EUR
HG03018,Punjabi,SAS
NA12287,Northern European,EUR
NA06985,Northern European,EUR
HG03025,Gambian Mandinka,AFR
NA12340,Northern European,EUR
HG02870,Gambian Mandinka,AFR
NA12383,Northern European,EUR
HG02882,Gambian Mandinka,AFR
NA12489,Northern European,EUR
HG02887,Gambian Mandinka,AFR
NA12718,Northern European,EUR
HG02938,Esan,AFR
NA12749,Northern European,EUR
NA11840,Northern European,EUR
NA12751,Northern European,EUR
NA12045,Northern European,EUR
HG02736,Punjabi,SAS
NA12763,Northern European,EUR
NA12775,Northern European,EUR
HG02774,Punjabi,SAS
NA12814,Northern European,EUR
HG04303,British,EUR
HG03049,Gambian Mandinka,AFR
NA06994,Northern European,EUR
NA07000,Northern European,EUR
NA10847,Northern European,EUR
HG03063,Mende,AFR
NA19027,Luhya,AFR
HG03114,Esan,AFR
NA07048,Northern European,EUR
NA19041,Luhya,AFR
HG03121,Esan,AFR
NA19058,Japanese,EAS
HG03126,Esan,AFR
NA19060,Japanese,EAS
HG02952,Esan,AFR
NA19065,Japanese,EAS
NA12890,Northern European,EUR
NA19072,Japanese,EAS
NA19077,Japanese,EAS
HG02971,Esan,AFR
NA18499,Yoruba,AFR
NA19084,Japanese,EAS
HG02976,Esan,AFR
NA18502,Yoruba,AFR
NA19089,Japanese,EAS
HG03133,Esan,AFR
NA18507,Yoruba,AFR
NA19091,Japanese,EAS
NA18519,Yoruba,AFR
HG03157,Esan,AFR
NA18634,Han Chinese,EAS
NA19712,African SW,AFR
NA18639,Han Chinese,EAS
NA19717,Mexican,AMR
HG03082,Mende,AFR
NA18641,Han Chinese,EAS
HG03099,Esan,AFR
NA18646,Han Chinese,EAS
NA19729,Mexican,AMR
HG03234,Punjabi,SAS
NA18747,Han Chinese,EAS
HG03241,Gambian Mandinka,AFR
NA19750,Mexican,AMR
HG03246,Gambian Mandinka,AFR
NA18867,Yoruba,AFR
NA19755,Mexican,AMR
HG03258,Gambian Mandinka,AFR
NA18874,Yoruba,AFR
NA19762,Mexican,AMR
NA18879,Yoruba,AFR
NA19147,Yoruba,AFR
HG03265,Esan,AFR
NA18881,Yoruba,AFR
HG03518,Esan,AFR
NA19159,Yoruba,AFR
HG03520,Esan,AFR
HG03549,Mende,AFR
HG03556,Mende,AFR
NA18944,Japanese,EAS
HG03563,Mende,AFR
NA18949,Japanese,EAS
NA19185,Yoruba,AFR
NA18951,Japanese,EAS
NA19197,Yoruba,AFR
HG03479,Mende,AFR
NA18956,Japanese,EAS
NA19200,Yoruba,AFR
NA18963,Japanese,EAS
NA19471,Luhya,AFR
NA10851,Northern European,EUR
NA19654,Mexican,AMR
HG03366,Esan,AFR
HG04202,Telugu,SAS
NA19661,Mexican,AMR
HG03378,Mende,AFR
HG04214,Telugu,SAS
NA19678,Mexican,AMR
HG03380,Mende,AFR
HG04219,Telugu,SAS
HG03385,Mende,AFR
HG04238,Telugu,SAS
HG03169,Esan,AFR
NA19700,African SW,AFR
HG03171,Esan,AFR
NA19375,Luhya,AFR
NA19207,Yoruba,AFR
HG03190,Esan,AFR
NA19214,Yoruba,AFR
NA19394,Luhya,AFR
HG03195,Esan,AFR
NA19399,Luhya,AFR
NA19438,Luhya,AFR
NA19238,Yoruba,AFR
NA19440,Luhya,AFR
HG03311,Esan,AFR
NA19445,Luhya,AFR
HG03342,Esan,AFR
HG03354,Esan,AFR
NA19257,Yoruba,AFR
NA19457,Luhya,AFR
NA19308,Luhya,AFR
NA19310,Luhya,AFR
HG03291,Esan,AFR
NA19031,Luhya,AFR
NA19236,Yoruba,AFR
NA19036,Luhya,AFR
NA19248,Yoruba,AFR
HG03304,Esan,AFR
NA19043,Luhya,AFR
HG03397,Mende,AFR
NA19055,Japanese,EAS
NA19318,Luhya,AFR
HG03431,Mende,AFR
NA19062,Japanese,EAS
NA19320,Luhya,AFR
HG03436,Mende,AFR
NA19067,Japanese,EAS
NA19332,Luhya,AFR
NA19074,Japanese,EAS
NA19351,Luhya,AFR
HG03455,Mende,AFR
NA19079,Japanese,EAS
NA19914,African SW,AFR
HG03462,Mende,AFR
NA19081,Japanese,EAS
HG03607,Bengali,SAS
NA19086,Japanese,EAS
NA19921,African SW,AFR
HG03619,Punjabi,SAS
NA19093,Yoruba,AFR
NA19098,Yoruba,AFR
NA20276,African SW,AFR
NA19315,Luhya,AFR
NA19327,Luhya,AFR
HG03575,Mende,AFR
NA19096,Yoruba,AFR
NA19346,Luhya,AFR
NA19360,Luhya,AFR
HG03594,Bengali,SAS
NA19372,Luhya,AFR
NA19116,Yoruba,AFR
NA19377,Luhya,AFR
NA19391,Luhya,AFR
NA19130,Yoruba,AFR
HG03690,Tamil,SAS
NA19404,Luhya,AFR
NA19774,Mexican,AMR
HG03695,Tamil,SAS
NA19428,Luhya,AFR
NA19779,Mexican,AMR
HG03640,Punjabi,SAS
HG03645,Tamil,SAS
NA19435,Luhya,AFR
NA19786,Mexican,AMR
HG03652,Punjabi,SAS
NA19454,Luhya,AFR
NA19461,Luhya,AFR
NA19818,African SW,AFR
NA19466,Luhya,AFR
HG03722,Telugu,SAS
NA19473,Luhya,AFR
HG03727,Telugu,SAS
NA19625,African SW,AFR
HG03741,Tamil,SAS
NA19649,Mexican,AMR
NA20505,Toscani,EUR
HG03746,Tamil,SAS
NA19651,Mexican,AMR
NA20512,Toscani,EUR
HG03753,Tamil,SAS
NA20517,Toscani,EUR
HG03703,Punjabi,SAS
NA19663,Mexican,AMR
NA20524,Toscani,EUR
HG03708,Punjabi,SAS
NA19670,Mexican,AMR
NA20529,Toscani,EUR
NA20531,Toscani,EUR
NA18968,Japanese,EAS
NA20536,Toscani,EUR
HG03760,Tamil,SAS
NA18970,Japanese,EAS
NA20543,Toscani,EUR
HG03765,Punjabi,SAS
NA18975,Japanese,EAS
NA20581,Toscani,EUR
HG03772,Telugu,SAS
NA18982,Japanese,EAS
NA20586,Toscani,EUR
HG03777,Telugu,SAS
NA18987,Japanese,EAS
NA20752,Toscani,EUR
HG03809,Bengali,SAS
NA18994,Japanese,EAS
NA20757,Toscani,EUR
NA18999,Japanese,EAS
NA20764,Toscani,EUR
NA19000,Japanese,EAS
NA20769,Toscani,EUR
HG03823,Bengali,SAS
NA19005,Japanese,EAS
NA20771,Toscani,EUR
HG03830,Bengali,SAS
NA19012,Japanese,EAS
NA20783,Toscani,EUR
HG03784,Telugu,SAS
NA19017,Luhya,AFR
NA20790,Toscani,EUR
HG03789,Telugu,SAS
NA19024,Luhya,AFR
NA20795,Toscani,EUR
HG03796,Bengali,SAS
NA19682,Mexican,AMR
NA20803,Toscani,EUR
NA20808,Toscani,EUR
NA19707,African SW,AFR
NA20810,Toscani,EUR
HG03950,Tamil,SAS
NA20815,Toscani,EUR
HG03955,Tamil,SAS
NA19719,Mexican,AMR
NA20822,Toscani,EUR
HG03967,Telugu,SAS
HG03974,Telugu,SAS
NA19726,Mexican,AMR
NA21142,Gujarati,SAS
NA19740,Mexican,AMR
HG03854,Tamil,SAS
NA19113,Yoruba,AFR
NA20334,African SW,AFR
HG03861,Telugu,SAS
NA19118,Yoruba,AFR
NA20339,African SW,AFR
NA20346,African SW,AFR
HG03931,Bengali,SAS
NA19137,Yoruba,AFR
NA20891,Gujarati,SAS
HG03943,Tamil,SAS
NA19144,Yoruba,AFR
NA20896,Gujarati,SAS
HG03897,Tamil,SAS
NA19149,Yoruba,AFR
NA20904,Gujarati,SAS
HG03900,Tamil,SAS
HG03905,Bengali,SAS
NA19175,Yoruba,AFR
NA20911,Gujarati,SAS
HG03917,Bengali,SAS
NA19752,Mexican,AMR
NA21109,Gujarati,SAS
HG04035,Tamil,SAS
NA21111,Gujarati,SAS
HG04042,Tamil,SAS
NA19764,Mexican,AMR
NA21116,Gujarati,SAS
HG04047,Tamil,SAS
NA19771,Mexican,AMR
NA21123,Gujarati,SAS
HG04054,Telugu,SAS
NA19776,Mexican,AMR
NA21128,Gujarati,SAS
HG04059,Telugu,SAS
NA19783,Mexican,AMR
NA21130,Gujarati,SAS
HG04061,Telugu,SAS
NA19788,Mexican,AMR
NA20827,Toscani,EUR
HG04080,Telugu,SAS
NA20846,Gujarati,SAS
HG04100,Tamil,SAS
NA19795,Mexican,AMR
NA20853,Gujarati,SAS
HG04131,Bengali,SAS
NA19834,African SW,AFR
NA20858,Gujarati,SAS
NA19904,African SW,AFR
NA20872,Gujarati,SAS
NA19909,African SW,AFR
NA20877,Gujarati,SAS
NA19916,African SW,AFR
NA20884,Gujarati,SAS
HG04155,Bengali,SAS
NA19923,African SW,AFR
NA20889,Gujarati,SAS
HG03866,Telugu,SAS
NA21089,Gujarati,SAS
NA20127,African SW,AFR
NA21091,Gujarati,SAS
HG03885,Tamil,SAS
NA20278,African SW,AFR
NA21104,Gujarati,SAS
HG03986,Tamil,SAS
HG03998,Tamil,SAS
NA20533,Toscani,EUR
HG04023,Telugu,SAS
NA20538,Toscani,EUR
NA18599,Han Chinese,EAS
NA20540,Toscani,EUR
NA18602,Han Chinese,EAS
NA20588,Toscani,EUR
NA18614,Han Chinese,EAS
NA20754,Toscani,EUR
NA18619,Han Chinese,EAS
NA20759,Toscani,EUR
NA18621,Han Chinese,EAS
NA20761,Toscani,EUR
NA18626,Han Chinese,EAS
NA20766,Toscani,EUR
NA18633,Han Chinese,EAS
NA20773,Toscani,EUR
NA18638,Han Chinese,EAS
NA20778,Toscani,EUR
NA18640,Han Chinese,EAS
NA20785,Toscani,EUR
NA18645,Han Chinese,EAS
NA18791,Han Chinese,EAS
NA20348,African SW,AFR
NA18861,Yoruba,AFR
NA20502,Toscani,EUR
NA12286,Northern European,EUR
NA20507,Toscani,EUR
NA20514,Toscani,EUR
NA20519,Toscani,EUR
NA12399,Northern European,EUR
NA20521,Toscani,EUR
NA12414,Northern European,EUR
NA20792,Toscani,EUR
NA12546,Northern European,EUR
NA20797,Toscani,EUR
NA12717,Northern European,EUR
NA20800,Toscani,EUR
NA12748,Northern European,EUR
NA20805,Toscani,EUR
NA12750,Northern European,EUR
NA20812,Toscani,EUR
NA12762,Northern European,EUR
NA20829,Toscani,EUR
NA20831,Toscani,EUR
NA20850,Gujarati,SAS
NA18520,Yoruba,AFR
NA21125,Gujarati,SAS
NA18525,Han Chinese,EAS
NA21137,Gujarati,SAS
NA18532,Han Chinese,EAS
NA21144,Gujarati,SAS
NA18537,Han Chinese,EAS
NA18544,Han Chinese,EAS
NA18549,Han Chinese,EAS
NA18563,Han Chinese,EAS
NA18570,Han Chinese,EAS
NA18582,Han Chinese,EAS
NA20317,African SW,AFR
NA12813,Northern European,EUR
NA20862,Gujarati,SAS
NA20867,Gujarati,SAS
NA20874,Gujarati,SAS
NA18486,Yoruba,AFR
NA20881,Gujarati,SAS
NA18501,Yoruba,AFR
NA20886,Gujarati,SAS
NA20901,Gujarati,SAS
NA11930,Northern European,EUR
NA20906,Gujarati,SAS
NA11992,Northern European,EUR
NA21086,Gujarati,SAS
NA12003,Northern European,EUR
NA21093,Gujarati,SAS
NA12046,Northern European,EUR
NA21098,Gujarati,SAS
NA12058,Northern European,EUR
NA21101,Gujarati,SAS
NA12154,Northern European,EUR
NA21106,Gujarati,SAS
NA21113,Gujarati,SAS
NA07357,Northern European,EUR
NA21118,Gujarati,SAS
NA21120,Gujarati,SAS
HG04302,British,EUR
NA06986,Northern European,EUR
HG04162,Bengali,SAS
HG04186,Bengali,SAS
HG04198,Telugu,SAS
HG04206,Telugu,SAS
HG04225,Telugu,SAS
NA19023,Luhya,AFR
NA19028,Luhya,AFR
NA19030,Luhya,AFR
NA19035,Luhya,AFR
NA19054,Japanese,EAS
NA19059,Japanese,EAS
NA19066,Japanese,EAS
NA19078,Japanese,EAS
NA19080,Japanese,EAS
NA19085,Japanese,EAS
NA19092,Yoruba,AFR
NA19472,Luhya,AFR
NA19648,Mexican,AMR
NA19655,Mexican,AMR
NA19679,Mexican,AMR
NA19681,Mexican,AMR
NA19701,African SW,AFR
NA19371,Luhya,AFR
NA19376,Luhya,AFR
NA19383,Luhya,AFR
NA19390,Luhya,AFR
NA19403,Luhya,AFR
NA19439,Luhya,AFR
NA19446,Luhya,AFR
NA18948,Japanese,EAS
NA18950,Japanese,EAS
NA18955,Japanese,EAS
NA18962,Japanese,EAS
NA18967,Japanese,EAS
NA18974,Japanese,EAS
NA18979,Japanese,EAS
NA18981,Japanese,EAS
NA18986,Japanese,EAS
NA18993,Japanese,EAS
NA18998,Japanese,EAS
NA19004,Japanese,EAS
NA19009,Japanese,EAS
NA19011,Japanese,EAS
NA19213,Yoruba,AFR
NA19225,Yoruba,AFR
NA19256,Yoruba,AFR
NA19307,Luhya,AFR
NA19314,Luhya,AFR
NA19319,Luhya,AFR
NA19321,Luhya,AFR
NA19338,Luhya,AFR
NA19713,African SW,AFR
NA19720,Mexican,AMR
NA19725,Mexican,AMR
NA19749,Mexican,AMR
NA19756,Mexican,AMR
NA19143,Yoruba,AFR
NA19198,Yoruba,AFR
NA19201,Yoruba,AFR
NA19206,Yoruba,AFR
NA18873,Yoruba,AFR
NA18878,Yoruba,AFR
NA18912,Yoruba,AFR
NA18917,Yoruba,AFR
NA18924,Yoruba,AFR
NA18943,Japanese,EAS
NA19117,Yoruba,AFR
NA19129,Yoruba,AFR
NA19131,Yoruba,AFR
NA20359,African SW,AFR
NA20412,African SW,AFR
NA20506,Toscani,EUR
NA20513,Toscani,EUR
NA20518,Toscani,EUR
NA20520,Toscani,EUR
NA20525,Toscani,EUR
NA20532,Toscani,EUR
NA20537,Toscani,EUR
NA20544,Toscani,EUR
NA20582,Toscani,EUR
NA20587,Toscani,EUR
NA20753,Toscani,EUR
NA20758,Toscani,EUR
NA20760,Toscani,EUR
NA20765,Toscani,EUR
NA20772,Toscani,EUR
NA20796,Toscani,EUR
NA20804,Toscani,EUR
NA20809,Toscani,EUR
NA20811,Toscani,EUR
NA20816,Toscani,EUR
NA19770,Mexican,AMR
NA19782,Mexican,AMR
NA19794,Mexican,AMR
NA19819,African SW,AFR
NA19908,African SW,AFR
NA19922,African SW,AFR
NA19984,African SW,AFR
NA20126,African SW,AFR
NA20289,African SW,AFR
NA20291,African SW,AFR
NA20296,African SW,AFR
NA20828,Toscani,EUR
NA20847,Gujarati,SAS
NA20854,Gujarati,SAS
NA20859,Gujarati,SAS
NA20861,Gujarati,SAS
NA20866,Gujarati,SAS
NA20342,African SW,AFR
NA20892,Gujarati,SAS
NA20897,Gujarati,SAS
NA20905,Gujarati,SAS
NA21092,Gujarati,SAS
NA21097,Gujarati,SAS
NA21100,Gujarati,SAS
NA21105,Gujarati,SAS
NA20873,Gujarati,SAS
NA20878,Gujarati,SAS
NA20885,Gujarati,SAS
NA21143,Gujarati,SAS
NA21112,Gujarati,SAS
NA21117,Gujarati,SAS
NA21124,Gujarati,SAS
NA21129,Gujarati,SAS
